{
  "project_info": {
    "project_number": "167132323951",
    "project_id": "blogapp-9befd",
    "storage_bucket": "blogapp-9befd.appspot.com"
  },
  "client": [
    {
      "client_info": {
        "mobilesdk_app_id": "1:167132323951:android:c4fd2cbdbf4eefdebb6d9a",
        "android_client_info": {
          "package_name": "com.mubashir.blogapp"
        }
      },
      "oauth_client": [],
      "api_key": [
        {
          "current_key": "AIzaSyA00yeVVR9Pho9I5SUsfwKhEdWkZBCH8jU"
        }
      ],
      "services": {
        "appinvite_service": {
          "other_platform_oauth_client": []
        }
      }
    }
  ],
  "configuration_version": "1"
}